Time,Latitude,Longitude,SOG (NM/s),COG,Track Number,Confirmed Track
15:15:27.7578125,37.6906162,-9.8103171,0.0043335,166.2451172,1767,1
15:15:27.7578125,37.6535550,-9.5284924,0.0040894,344.4982910,1641,0
15:15:27.7578125,37.9155465,-8.8660597,0.0000000,85.9185791,936,1
15:15:27.7578125,37.6090635,-9.6358429,0.0031128,349.3322754,1749,1
15:15:27.7578125,38.4725510,-8.8092014,0.0000610,95.9985352,1765,1
15:15:27.7578125,37.9057566,-8.8678249,0.0000000,3.2849121,1537,0
15:15:27.7578125,37.7368501,-9.8129446,0.0054321,166.4923096,1694,1
15:15:27.7578125,37.9481094,-8.8833634,0.0002441,350.1727295,1731,1
15:15:27.7578125,37.8864016,-8.9761141,0.0002441,142.3883057,1763,1
15:15:27.7578125,37.3922119,-9.4768834,0.0035400,345.4376221,1769,1
15:15:27.7578125,38.1477880,-9.7643310,0.0032959,341.1529541,1770,0
15:15:27.7578125,37.7423845,-9.8416916,0.0033569,9.1241455,1771,1
15:15:27.7578125,37.9076552,-8.8779377,0.0000000,25.7629395,947,1
15:15:27.7578125,37.7631768,-9.5527004,0.0032349,215.7385254,1757,0
15:15:27.765625,38.3438749,-9.0790457,0.0026245,222.3358154,1764,0
15:15:27.765625,37.8934476,-8.8584946,0.0001221,350.0683594,1762,1
15:15:27.765625,37.8910689,-8.8702971,0.0000000,207.5701904,1602,1
15:15:27.765625,37.9166641,-8.8572470,0.0000000,80.6726074,1388,0
15:15:27.765625,37.5724612,-9.5155565,0.0028076,349.4805908,1752,0
15:15:28.7578125,37.6906162,-9.8103171,0.0043335,166.2451172,1767,1
15:15:28.7578125,37.6535550,-9.5284924,0.0040894,344.4982910,1641,0
15:15:28.7578125,37.9155465,-8.8660597,0.0000000,85.9185791,936,1
15:15:28.7578125,37.6090635,-9.6358429,0.0031128,349.3322754,1749,1
15:15:28.7578125,38.4725510,-8.8092014,0.0000610,95.9985352,1765,1
15:15:28.7578125,37.9057566,-8.8678249,0.0000000,3.2849121,1537,0
15:15:28.7578125,37.7368501,-9.8129446,0.0054321,166.4923096,1694,1
15:15:28.7578125,37.9481094,-8.8833634,0.0002441,350.1727295,1731,1
15:15:28.7578125,37.8864016,-8.9761141,0.0002441,142.3883057,1763,1
15:15:28.7578125,37.3922119,-9.4768834,0.0035400,345.4376221,1769,1
15:15:28.7578125,38.1477880,-9.7643310,0.0032959,341.1529541,1770,0
15:15:28.7578125,37.7423845,-9.8416916,0.0033569,9.1241455,1771,1
15:15:28.7578125,37.9076552,-8.8779377,0.0000000,25.7629395,947,1
15:15:28.7578125,37.7631768,-9.5527004,0.0032349,215.7385254,1757,0
15:15:28.7578125,38.3438749,-9.0790457,0.0026245,222.3358154,1764,0
15:15:28.7578125,37.8934476,-8.8584946,0.0001221,350.0683594,1762,1
15:15:28.7578125,37.8910689,-8.8702971,0.0000000,207.5701904,1602,1
15:15:28.7578125,37.9166641,-8.8572470,0.0000000,80.6726074,1388,0
15:15:28.7578125,37.5724612,-9.5155565,0.0028076,349.4805908,1752,0
15:15:29.7578125,37.6906162,-9.8103171,0.0043335,166.2451172,1767,1
15:15:29.7578125,37.6535550,-9.5284924,0.0040894,344.4982910,1641,0
15:15:29.7578125,37.9155465,-8.8660597,0.0000000,85.9185791,936,1
15:15:29.7578125,37.6090635,-9.6358429,0.0031128,349.3322754,1749,1
15:15:29.7578125,38.4725510,-8.8092014,0.0000610,95.9985352,1765,1
15:15:29.7578125,37.9057566,-8.8678249,0.0000000,3.2849121,1537,0
15:15:29.7578125,37.7368501,-9.8129446,0.0054321,166.4923096,1694,1
15:15:29.7578125,37.9481094,-8.8833634,0.0002441,350.1727295,1731,1
15:15:29.7578125,37.8864016,-8.9761141,0.0002441,142.3883057,1763,1
15:15:29.7578125,37.3922119,-9.4768834,0.0035400,345.4376221,1769,1
15:15:29.7578125,38.1477880,-9.7643310,0.0032959,341.1529541,1770,0
15:15:29.7578125,37.7423845,-9.8416916,0.0033569,9.1241455,1771,1
15:15:29.7578125,37.9076552,-8.8779377,0.0000000,25.7629395,947,1
15:15:29.7578125,37.7631768,-9.5527004,0.0032349,215.7385254,1757,0
15:15:29.7578125,38.3438749,-9.0790457,0.0026245,222.3358154,1764,0
15:15:29.7578125,37.8934476,-8.8584946,0.0001221,350.0683594,1762,1
15:15:29.7578125,37.8910689,-8.8702971,0.0000000,207.5701904,1602,1
15:15:29.7578125,37.9166641,-8.8572470,0.0000000,80.6726074,1388,0
15:15:29.7578125,37.5724612,-9.5155565,0.0028076,349.4805908,1752,0
15:15:30.7578125,37.6906162,-9.8103171,0.0043335,166.2451172,1767,1
15:15:30.7578125,37.6535550,-9.5284924,0.0040894,344.4982910,1641,0
15:15:30.7578125,37.9155465,-8.8660597,0.0000000,85.9185791,936,1
15:15:30.7578125,37.6090635,-9.6358429,0.0031128,349.3322754,1749,1
15:15:30.7578125,38.4725510,-8.8092014,0.0000610,95.9985352,1765,1
15:15:30.7578125,37.9057566,-8.8678249,0.0000000,3.2849121,1537,0
15:15:30.7578125,37.7368501,-9.8129446,0.0054321,166.4923096,1694,1
15:15:30.7578125,37.9481094,-8.8833634,0.0002441,350.1727295,1731,1
15:15:30.7578125,37.8864016,-8.9761141,0.0002441,142.3883057,1763,1
15:15:30.7578125,37.3922119,-9.4768834,0.0035400,345.4376221,1769,1
15:15:30.7578125,38.1477880,-9.7643310,0.0032959,341.1529541,1770,0
15:15:30.7578125,37.7423845,-9.8416916,0.0033569,9.1241455,1771,1
15:15:30.7578125,37.9076552,-8.8779377,0.0000000,25.7629395,947,1
15:15:30.7578125,37.7631768,-9.5527004,0.0032349,215.7385254,1757,0
15:15:30.7578125,38.3438749,-9.0790457,0.0026245,222.3358154,1764,0
15:15:30.7578125,37.8934476,-8.8584946,0.0001221,350.0683594,1762,1
15:15:30.7578125,37.8910689,-8.8702971,0.0000000,207.5701904,1602,1
15:15:30.7578125,37.9166641,-8.8572470,0.0000000,80.6726074,1388,0
15:15:30.7578125,37.5724612,-9.5155565,0.0028076,349.4805908,1752,0
15:15:31.7578125,37.6906162,-9.8103171,0.0043335,166.2451172,1767,1
15:15:31.7578125,37.6535550,-9.5284924,0.0040894,344.4982910,1641,0
15:15:31.7578125,37.9155465,-8.8660597,0.0000000,85.9185791,936,1
15:15:31.7578125,37.6090635,-9.6358429,0.0031128,349.3322754,1749,1
15:15:31.7578125,38.4725510,-8.8092014,0.0000610,95.9985352,1765,1
15:15:31.7578125,37.9057566,-8.8678249,0.0000000,3.2849121,1537,0
15:15:31.7578125,37.7368501,-9.8129446,0.0054321,166.4923096,1694,1
15:15:31.7578125,37.9481094,-8.8833634,0.0002441,350.1727295,1731,1
15:15:31.7578125,37.8864016,-8.9761141,0.0002441,142.3883057,1763,1
15:15:31.7578125,37.3922119,-9.4768834,0.0035400,345.4376221,1769,1
15:15:31.7578125,38.1477880,-9.7643310,0.0032959,341.1529541,1770,0
15:15:31.7578125,37.7423845,-9.8416916,0.0033569,9.1241455,1771,1
15:15:31.7578125,37.9076552,-8.8779377,0.0000000,25.7629395,947,1
15:15:31.765625,37.7631768,-9.5527004,0.0032349,215.7385254,1757,0
15:15:31.765625,38.3438749,-9.0790457,0.0026245,222.3358154,1764,0
15:15:31.765625,37.8934476,-8.8584946,0.0001221,350.0683594,1762,1
15:15:31.765625,37.8910689,-8.8702971,0.0000000,207.5701904,1602,1
15:15:31.765625,37.9166641,-8.8572470,0.0000000,80.6726074,1388,0
15:15:31.765625,37.5724612,-9.5155565,0.0028076,349.4805908,1752,0
15:15:32.7578125,37.6906162,-9.8103171,0.0043335,166.2451172,1767,1
15:15:32.7578125,37.6535550,-9.5284924,0.0040894,344.4982910,1641,0
15:15:32.7578125,37.9155465,-8.8660597,0.0000000,85.9185791,936,1
15:15:32.7578125,37.6090635,-9.6358429,0.0031128,349.3322754,1749,1
15:15:32.7578125,38.4725510,-8.8092014,0.0000610,95.9985352,1765,1
15:15:32.7578125,37.9057566,-8.8678249,0.0000000,3.2849121,1537,0
15:15:32.7578125,37.7368501,-9.8129446,0.0054321,166.4923096,1694,1
15:15:32.7578125,37.9481094,-8.8833634,0.0002441,350.1727295,1731,1
15:15:32.7578125,37.8864016,-8.9761141,0.0002441,142.3883057,1763,1
15:15:32.7578125,37.3922119,-9.4768834,0.0035400,345.4376221,1769,1
15:15:32.7578125,38.1477880,-9.7643310,0.0032959,341.1529541,1770,0
15:15:32.7578125,37.7423845,-9.8416916,0.0033569,9.1241455,1771,1
15:15:32.7578125,37.9076552,-8.8779377,0.0000000,25.7629395,947,1
15:15:32.7578125,37.7631768,-9.5527004,0.0032349,215.7385254,1757,0
15:15:32.7578125,38.3438749,-9.0790457,0.0026245,222.3358154,1764,0
15:15:32.7578125,37.8934476,-8.8584946,0.0001221,350.0683594,1762,1
15:15:32.7578125,37.8910689,-8.8702971,0.0000000,207.5701904,1602,1
15:15:32.7578125,37.9166641,-8.8572470,0.0000000,80.6726074,1388,0
15:15:32.7578125,37.5724612,-9.5155565,0.0028076,349.4805908,1752,0
15:15:33.7578125,37.6906162,-9.8103171,0.0043335,166.2451172,1767,1
15:15:33.7578125,37.6535550,-9.5284924,0.0040894,344.4982910,1641,0
15:15:33.7578125,37.9155465,-8.8660597,0.0000000,85.9185791,936,1
15:15:33.7578125,37.6090635,-9.6358429,0.0031128,349.3322754,1749,1
15:15:33.7578125,38.4725510,-8.8092014,0.0000610,95.9985352,1765,1
15:15:33.7578125,37.9057566,-8.8678249,0.0000000,3.2849121,1537,0
15:15:33.7578125,37.7368501,-9.8129446,0.0054321,166.4923096,1694,1
15:15:33.7578125,37.9481094,-8.8833634,0.0002441,350.1727295,1731,1
15:15:33.7578125,37.8864016,-8.9761141,0.0002441,142.3883057,1763,1
15:15:33.7578125,37.3922119,-9.4768834,0.0035400,345.4376221,1769,1
15:15:33.7578125,38.1477880,-9.7643310,0.0032959,341.1529541,1770,0
15:15:33.7578125,37.7423845,-9.8416916,0.0033569,9.1241455,1771,1
15:15:33.7578125,37.9076552,-8.8779377,0.0000000,25.7629395,947,1
15:15:33.7578125,37.7631768,-9.5527004,0.0032349,215.7385254,1757,0
15:15:33.765625,38.3438749,-9.0790457,0.0026245,222.3358154,1764,0
15:15:33.765625,37.8934476,-8.8584946,0.0001221,350.0683594,1762,1
15:15:33.765625,37.8910689,-8.8702971,0.0000000,207.5701904,1602,1
15:15:33.765625,37.9166641,-8.8572470,0.0000000,80.6726074,1388,0
15:15:33.765625,37.5724612,-9.5155565,0.0028076,349.4805908,1752,0
15:15:34.7578125,37.6906162,-9.8103171,0.0043335,166.2451172,1767,1
15:15:34.7578125,37.6535550,-9.5284924,0.0040894,344.4982910,1641,0
15:15:34.7578125,37.9155465,-8.8660597,0.0000000,85.9185791,936,1
15:15:34.7578125,37.6090635,-9.6358429,0.0031128,349.3322754,1749,1
15:15:34.7578125,38.4725510,-8.8092014,0.0000610,95.9985352,1765,1
15:15:34.7578125,37.9057566,-8.8678249,0.0000000,3.2849121,1537,0
15:15:34.7578125,37.7368501,-9.8129446,0.0054321,166.4923096,1694,1
15:15:34.7578125,37.9481094,-8.8833634,0.0002441,350.1727295,1731,1
15:15:34.7578125,37.8864016,-8.9761141,0.0002441,142.3883057,1763,1
15:15:34.7578125,37.3922119,-9.4768834,0.0035400,345.4376221,1769,1
15:15:34.7578125,38.1477880,-9.7643310,0.0032959,341.1529541,1770,0
15:15:34.7578125,37.7423845,-9.8416916,0.0033569,9.1241455,1771,1
15:15:34.7578125,37.9076552,-8.8779377,0.0000000,25.7629395,947,1
15:15:34.7578125,37.7631768,-9.5527004,0.0032349,215.7385254,1757,0
15:15:34.7578125,38.3438749,-9.0790457,0.0026245,222.3358154,1764,0
15:15:34.7578125,37.8934476,-8.8584946,0.0001221,350.0683594,1762,1
15:15:34.7578125,37.8910689,-8.8702971,0.0000000,207.5701904,1602,1
15:15:34.7578125,37.9166641,-8.8572470,0.0000000,80.6726074,1388,0
15:15:34.7578125,37.5724612,-9.5155565,0.0028076,349.4805908,1752,0
15:15:35.765625,37.6906162,-9.8103171,0.0043335,166.2451172,1767,1
15:15:35.765625,37.6535550,-9.5284924,0.0040894,344.4982910,1641,0
15:15:35.765625,37.9155465,-8.8660597,0.0000000,85.9185791,936,1
15:15:35.765625,37.6090635,-9.6358429,0.0031128,349.3322754,1749,1
15:15:35.765625,38.4725510,-8.8092014,0.0000610,95.9985352,1765,1
15:15:35.765625,37.9057566,-8.8678249,0.0000000,3.2849121,1537,0
15:15:35.765625,37.7368501,-9.8129446,0.0054321,166.4923096,1694,1
15:15:35.765625,37.9481094,-8.8833634,0.0002441,350.1727295,1731,1
15:15:35.765625,37.8864016,-8.9761141,0.0002441,142.3883057,1763,1
15:15:35.765625,37.3922119,-9.4768834,0.0035400,345.4376221,1769,1
15:15:35.765625,38.1477880,-9.7643310,0.0032959,341.1529541,1770,0
15:15:35.765625,37.7423845,-9.8416916,0.0033569,9.1241455,1771,1
15:15:35.765625,37.9076552,-8.8779377,0.0000000,25.7629395,947,1
15:15:35.765625,37.7631768,-9.5527004,0.0032349,215.7385254,1757,0
15:15:35.765625,38.3438749,-9.0790457,0.0026245,222.3358154,1764,0
15:15:35.765625,37.8934476,-8.8584946,0.0001221,350.0683594,1762,1
15:15:35.765625,37.8910689,-8.8702971,0.0000000,207.5701904,1602,1
15:15:35.765625,37.9166641,-8.8572470,0.0000000,80.6726074,1388,0
15:15:35.765625,37.5724612,-9.5155565,0.0028076,349.4805908,1752,0
15:15:36.765625,37.6906162,-9.8103171,0.0043335,166.2451172,1767,1
15:15:36.765625,37.6535550,-9.5284924,0.0040894,344.4982910,1641,0
15:15:36.765625,37.9155465,-8.8660597,0.0000000,85.9185791,936,1
15:15:36.765625,37.6090635,-9.6358429,0.0031128,349.3322754,1749,1
15:15:36.765625,38.4725510,-8.8092014,0.0000610,95.9985352,1765,1
15:15:36.765625,37.9057566,-8.8678249,0.0000000,3.2849121,1537,0
15:15:36.765625,37.7368501,-9.8129446,0.0054321,166.4923096,1694,1
15:15:36.765625,37.9481094,-8.8833634,0.0002441,350.1727295,1731,1
15:15:36.765625,37.8864016,-8.9761141,0.0002441,142.3883057,1763,1
15:15:36.765625,37.3922119,-9.4768834,0.0035400,345.4376221,1769,1
15:15:36.765625,38.1477880,-9.7643310,0.0032959,341.1529541,1770,0
15:15:36.765625,37.7423845,-9.8416916,0.0033569,9.1241455,1771,1
15:15:36.765625,37.9076552,-8.8779377,0.0000000,25.7629395,947,1
15:15:36.765625,37.7631768,-9.5527004,0.0032349,215.7385254,1757,0
15:15:36.765625,38.3438749,-9.0790457,0.0026245,222.3358154,1764,0
15:15:36.765625,37.8934476,-8.8584946,0.0001221,350.0683594,1762,1
15:15:36.765625,37.8910689,-8.8702971,0.0000000,207.5701904,1602,1
15:15:36.765625,37.9166641,-8.8572470,0.0000000,80.6726074,1388,0
15:15:36.765625,37.5724612,-9.5155565,0.0028076,349.4805908,1752,0
15:15:37.7734375,37.6906162,-9.8103171,0.0043335,166.2451172,1767,1
15:15:37.7734375,37.6535550,-9.5284924,0.0040894,344.4982910,1641,0
15:15:37.7734375,37.9155465,-8.8660597,0.0000000,85.9185791,936,1
15:15:37.7734375,37.6090635,-9.6358429,0.0031128,349.3322754,1749,1
15:15:37.7734375,38.4725510,-8.8092014,0.0000610,95.9985352,1765,1
15:15:37.7734375,37.9057566,-8.8678249,0.0000000,3.2849121,1537,0
15:15:37.7734375,37.7368501,-9.8129446,0.0054321,166.4923096,1694,1
15:15:37.7734375,37.9481094,-8.8833634,0.0002441,350.1727295,1731,1
15:15:37.7734375,37.8864016,-8.9761141,0.0002441,142.3883057,1763,1
15:15:37.7734375,37.3922119,-9.4768834,0.0035400,345.4376221,1769,1
15:15:37.7734375,38.1477880,-9.7643310,0.0032959,341.1529541,1770,0
15:15:37.7734375,37.7423845,-9.8416916,0.0033569,9.1241455,1771,1
15:15:37.7734375,37.9076552,-8.8779377,0.0000000,25.7629395,947,1
15:15:37.7734375,37.7631768,-9.5527004,0.0032349,215.7385254,1757,0
15:15:37.7734375,38.3438749,-9.0790457,0.0026245,222.3358154,1764,0
15:15:37.7734375,37.8934476,-8.8584946,0.0001221,350.0683594,1762,1
15:15:37.7734375,37.8910689,-8.8702971,0.0000000,207.5701904,1602,1
15:15:37.7734375,37.9166641,-8.8572470,0.0000000,80.6726074,1388,0
15:15:37.7734375,37.5724612,-9.5155565,0.0028076,349.4805908,1752,0
15:15:38.7578125,37.6897244,-9.8100036,0.0043335,166.2451172,1767,0
15:15:38.7578125,37.6540920,-9.5286332,0.0040894,344.3225098,1641,1
15:15:38.7578125,37.9155362,-8.8660341,0.0000000,87.8302002,936,0
15:15:38.7578125,37.6094946,-9.6360305,0.0031128,348.4753418,1749,0
15:15:38.7578125,38.4725704,-8.8094345,0.0000000,95.9930420,1765,1
15:15:38.7578125,37.9057586,-8.8678195,0.0000000,185.8007812,1537,1
15:15:38.7578125,37.7356618,-9.8126676,0.0054321,166.7944336,1694,0
15:15:38.7578125,37.9479086,-8.8833973,0.0001831,350.2386475,1731,1
15:15:38.7578125,37.8863656,-8.9760089,0.0002441,141.4599609,1763,1
15:15:38.7578125,37.3929086,-9.4771246,0.0034790,345.6463623,1769,0
15:15:38.7578125,38.1488806,-9.7644927,0.0033569,341.4825439,1770,1
15:15:38.7578125,37.7430214,-9.8417039,0.0033569,9.1241455,1771,1
15:15:38.7578125,37.9076659,-8.8779467,0.0000000,19.8742676,947,0
15:15:38.7578125,37.7629437,-9.5530591,0.0031128,216.3317871,1757,1
15:15:38.7578125,38.3432807,-9.0798123,0.0026855,222.2534180,1764,1
15:15:38.7578125,37.8934602,-8.8585080,0.0001221,350.4254150,1762,0
15:15:38.7578125,37.8911248,-8.8703547,0.0000000,28.1359863,1602,0
15:15:38.7578125,37.9166641,-8.8572503,0.0000000,260.2221680,1388,1
15:15:38.7578125,37.5728399,-9.5156243,0.0027466,349.5025635,1752,1
15:15:39.7578125,37.6897244,-9.8100036,0.0043335,166.2451172,1767,0
15:15:39.7578125,37.6540920,-9.5286332,0.0040894,344.3225098,1641,1
15:15:39.7578125,37.9155362,-8.8660341,0.0000000,87.8302002,936,0
15:15:39.7578125,37.6094946,-9.6360305,0.0031128,348.4753418,1749,0
15:15:39.7578125,38.4725704,-8.8094345,0.0000000,95.9930420,1765,1
15:15:39.7578125,37.9057586,-8.8678195,0.0000000,185.8007812,1537,1
15:15:39.7578125,37.7356618,-9.8126676,0.0054321,166.7944336,1694,0
15:15:39.7578125,37.9479086,-8.8833973,0.0001831,350.2386475,1731,1
15:15:39.7578125,37.8863656,-8.9760089,0.0002441,141.4599609,1763,1
15:15:39.7578125,37.3929086,-9.4771246,0.0034790,345.6463623,1769,0
15:15:39.7578125,38.1488806,-9.7644927,0.0033569,341.4825439,1770,1
15:15:39.7578125,37.7430214,-9.8417039,0.0033569,9.1241455,1771,1
15:15:39.7578125,37.9076659,-8.8779467,0.0000000,19.8742676,947,0
15:15:39.7578125,37.7629437,-9.5530591,0.0031128,216.3317871,1757,1
15:15:39.7578125,38.3432807,-9.0798123,0.0026855,222.2534180,1764,1
15:15:39.7578125,37.8934602,-8.8585080,0.0001221,350.4254150,1762,0
15:15:39.765625,37.8911248,-8.8703547,0.0000000,28.1359863,1602,0
15:15:39.765625,37.9166641,-8.8572503,0.0000000,260.2221680,1388,1
15:15:39.765625,37.5728399,-9.5156243,0.0027466,349.5025635,1752,1
15:15:40.765625,37.6897244,-9.8100036,0.0043335,166.2451172,1767,0
15:15:40.765625,37.6540920,-9.5286332,0.0040894,344.3225098,1641,1
15:15:40.765625,37.9155362,-8.8660341,0.0000000,87.8302002,936,0
15:15:40.765625,37.6094946,-9.6360305,0.0031128,348.4753418,1749,0
15:15:40.765625,38.4725704,-8.8094345,0.0000000,95.9930420,1765,1
15:15:40.765625,37.9057586,-8.8678195,0.0000000,185.8007812,1537,1
15:15:40.765625,37.7356618,-9.8126676,0.0054321,166.7944336,1694,0
15:15:40.765625,37.9479086,-8.8833973,0.0001831,350.2386475,1731,1
15:15:40.765625,37.8863656,-8.9760089,0.0002441,141.4599609,1763,1
15:15:40.765625,37.3929086,-9.4771246,0.0034790,345.6463623,1769,0
15:15:40.765625,38.1488806,-9.7644927,0.0033569,341.4825439,1770,1
15:15:40.765625,37.7430214,-9.8417039,0.0033569,9.1241455,1771,1
15:15:40.765625,37.9076659,-8.8779467,0.0000000,19.8742676,947,0
15:15:40.765625,37.7629437,-9.5530591,0.0031128,216.3317871,1757,1
15:15:40.765625,38.3432807,-9.0798123,0.0026855,222.2534180,1764,1
15:15:40.765625,37.8934602,-8.8585080,0.0001221,350.4254150,1762,0
15:15:40.765625,37.8911248,-8.8703547,0.0000000,28.1359863,1602,0
15:15:40.765625,37.9166641,-8.8572503,0.0000000,260.2221680,1388,1
15:15:40.765625,37.5728399,-9.5156243,0.0027466,349.5025635,1752,1
15:15:41.7734375,37.6897244,-9.8100036,0.0043335,166.2451172,1767,0
15:15:41.7734375,37.6540920,-9.5286332,0.0040894,344.3225098,1641,1
15:15:41.7734375,37.9155362,-8.8660341,0.0000000,87.8302002,936,0
15:15:41.7734375,37.6094946,-9.6360305,0.0031128,348.4753418,1749,0
15:15:41.7734375,38.4725704,-8.8094345,0.0000000,95.9930420,1765,1
15:15:41.7734375,37.9057586,-8.8678195,0.0000000,185.8007812,1537,1
15:15:41.7734375,37.7356618,-9.8126676,0.0054321,166.7944336,1694,0
15:15:41.7734375,37.9479086,-8.8833973,0.0001831,350.2386475,1731,1
15:15:41.7734375,37.8863656,-8.9760089,0.0002441,141.4599609,1763,1
15:15:41.7734375,37.3929086,-9.4771246,0.0034790,345.6463623,1769,0
15:15:41.7734375,38.1488806,-9.7644927,0.0033569,341.4825439,1770,1
15:15:41.7734375,37.7430214,-9.8417039,0.0033569,9.1241455,1771,1
15:15:41.7734375,37.9076659,-8.8779467,0.0000000,19.8742676,947,0
15:15:41.7734375,37.7629437,-9.5530591,0.0031128,216.3317871,1757,1
15:15:41.7734375,38.3432807,-9.0798123,0.0026855,222.2534180,1764,1
15:15:41.7734375,37.8934602,-8.8585080,0.0001221,350.4254150,1762,0
15:15:41.7734375,37.8911248,-8.8703547,0.0000000,28.1359863,1602,0
15:15:41.7734375,37.9166641,-8.8572503,0.0000000,260.2221680,1388,1
15:15:41.7734375,37.5728399,-9.5156243,0.0027466,349.5025635,1752,1
15:15:42.7578125,37.6897244,-9.8100036,0.0043335,166.2451172,1767,0
15:15:42.7578125,37.6540920,-9.5286332,0.0040894,344.3225098,1641,1
15:15:42.7578125,37.9155362,-8.8660341,0.0000000,87.8302002,936,0
15:15:42.7578125,37.6094946,-9.6360305,0.0031128,348.4753418,1749,0
15:15:42.7578125,38.4725704,-8.8094345,0.0000000,95.9930420,1765,1
15:15:42.7578125,37.9057586,-8.8678195,0.0000000,185.8007812,1537,1
15:15:42.7578125,37.7356618,-9.8126676,0.0054321,166.7944336,1694,0
15:15:42.7578125,37.9479086,-8.8833973,0.0001831,350.2386475,1731,1
15:15:42.7578125,37.8863656,-8.9760089,0.0002441,141.4599609,1763,1
15:15:42.7578125,37.3929086,-9.4771246,0.0034790,345.6463623,1769,0
15:15:42.7578125,38.1488806,-9.7644927,0.0033569,341.4825439,1770,1
15:15:42.7578125,37.7430214,-9.8417039,0.0033569,9.1241455,1771,1
15:15:42.7578125,37.9076659,-8.8779467,0.0000000,19.8742676,947,0
15:15:42.7578125,37.7629437,-9.5530591,0.0031128,216.3317871,1757,1
15:15:42.7578125,38.3432807,-9.0798123,0.0026855,222.2534180,1764,1
15:15:42.7578125,37.8934602,-8.8585080,0.0001221,350.4254150,1762,0
15:15:42.7578125,37.8911248,-8.8703547,0.0000000,28.1359863,1602,0
15:15:42.7578125,37.9166641,-8.8572503,0.0000000,260.2221680,1388,1
15:15:42.7578125,37.5728399,-9.5156243,0.0027466,349.5025635,1752,1
15:15:43.765625,37.6897244,-9.8100036,0.0043335,166.2451172,1767,0
15:15:43.765625,37.6540920,-9.5286332,0.0040894,344.3225098,1641,1
15:15:43.765625,37.9155362,-8.8660341,0.0000000,87.8302002,936,0
15:15:43.765625,37.6094946,-9.6360305,0.0031128,348.4753418,1749,0
15:15:43.765625,38.4725704,-8.8094345,0.0000000,95.9930420,1765,1
15:15:43.765625,37.9057586,-8.8678195,0.0000000,185.8007812,1537,1
15:15:43.765625,37.7356618,-9.8126676,0.0054321,166.7944336,1694,0
15:15:43.765625,37.9479086,-8.8833973,0.0001831,350.2386475,1731,1
15:15:43.765625,37.8863656,-8.9760089,0.0002441,141.4599609,1763,1
15:15:43.765625,37.3929086,-9.4771246,0.0034790,345.6463623,1769,0
15:15:43.765625,38.1488806,-9.7644927,0.0033569,341.4825439,1770,1
15:15:43.765625,37.7430214,-9.8417039,0.0033569,9.1241455,1771,1
15:15:43.765625,37.9076659,-8.8779467,0.0000000,19.8742676,947,0
15:15:43.765625,37.7629437,-9.5530591,0.0031128,216.3317871,1757,1
15:15:43.765625,38.3432807,-9.0798123,0.0026855,222.2534180,1764,1
15:15:43.765625,37.8934602,-8.8585080,0.0001221,350.4254150,1762,0
15:15:43.765625,37.8911248,-8.8703547,0.0000000,28.1359863,1602,0
15:15:43.765625,37.9166641,-8.8572503,0.0000000,260.2221680,1388,1
15:15:43.765625,37.5728399,-9.5156243,0.0027466,349.5025635,1752,1
15:15:44.7578125,37.6897244,-9.8100036,0.0043335,166.2451172,1767,0
15:15:44.7578125,37.6540920,-9.5286332,0.0040894,344.3225098,1641,1
15:15:44.7578125,37.9155362,-8.8660341,0.0000000,87.8302002,936,0
15:15:44.7578125,37.6094946,-9.6360305,0.0031128,348.4753418,1749,0
15:15:44.7578125,38.4725704,-8.8094345,0.0000000,95.9930420,1765,1
15:15:44.7578125,37.9057586,-8.8678195,0.0000000,185.8007812,1537,1
15:15:44.7578125,37.7356618,-9.8126676,0.0054321,166.7944336,1694,0
15:15:44.7578125,37.9479086,-8.8833973,0.0001831,350.2386475,1731,1
15:15:44.7578125,37.8863656,-8.9760089,0.0002441,141.4599609,1763,1
15:15:44.7578125,37.3929086,-9.4771246,0.0034790,345.6463623,1769,0
15:15:44.7578125,38.1488806,-9.7644927,0.0033569,341.4825439,1770,1
15:15:44.7578125,37.7430214,-9.8417039,0.0033569,9.1241455,1771,1
15:15:44.7578125,37.9076659,-8.8779467,0.0000000,19.8742676,947,0
15:15:44.7578125,37.7629437,-9.5530591,0.0031128,216.3317871,1757,1
15:15:44.7578125,38.3432807,-9.0798123,0.0026855,222.2534180,1764,1
15:15:44.7578125,37.8934602,-8.8585080,0.0001221,350.4254150,1762,0
15:15:44.7578125,37.8911248,-8.8703547,0.0000000,28.1359863,1602,0
15:15:44.7578125,37.9166641,-8.8572503,0.0000000,260.2221680,1388,1
15:15:44.7578125,37.5728399,-9.5156243,0.0027466,349.5025635,1752,1
15:15:45.7578125,37.6897244,-9.8100036,0.0043335,166.2451172,1767,0
15:15:45.7578125,37.6540920,-9.5286332,0.0040894,344.3225098,1641,1
15:15:45.7578125,37.9155362,-8.8660341,0.0000000,87.8302002,936,0
15:15:45.7578125,37.6094946,-9.6360305,0.0031128,348.4753418,1749,0
15:15:45.7578125,38.4725704,-8.8094345,0.0000000,95.9930420,1765,1
15:15:45.7578125,37.9057586,-8.8678195,0.0000000,185.8007812,1537,1
15:15:45.7578125,37.7356618,-9.8126676,0.0054321,166.7944336,1694,0
15:15:45.7578125,37.9479086,-8.8833973,0.0001831,350.2386475,1731,1
15:15:45.7578125,37.8863656,-8.9760089,0.0002441,141.4599609,1763,1
15:15:45.7578125,37.3929086,-9.4771246,0.0034790,345.6463623,1769,0
15:15:45.7578125,38.1488806,-9.7644927,0.0033569,341.4825439,1770,1
15:15:45.7578125,37.7430214,-9.8417039,0.0033569,9.1241455,1771,1
15:15:45.7578125,37.9076659,-8.8779467,0.0000000,19.8742676,947,0
15:15:45.7578125,37.7629437,-9.5530591,0.0031128,216.3317871,1757,1
15:15:45.7578125,38.3432807,-9.0798123,0.0026855,222.2534180,1764,1
15:15:45.7578125,37.8934602,-8.8585080,0.0001221,350.4254150,1762,0
15:15:45.7578125,37.8911248,-8.8703547,0.0000000,28.1359863,1602,0
15:15:45.7578125,37.9166641,-8.8572503,0.0000000,260.2221680,1388,1
15:15:45.7578125,37.5728399,-9.5156243,0.0027466,349.5025635,1752,1
15:15:46.7734375,37.6897244,-9.8100036,0.0043335,166.2451172,1767,0
15:15:46.7734375,37.6540920,-9.5286332,0.0040894,344.3225098,1641,1
15:15:46.7734375,37.9155362,-8.8660341,0.0000000,87.8302002,936,0
15:15:46.7734375,37.6094946,-9.6360305,0.0031128,348.4753418,1749,0
15:15:46.7734375,38.4725704,-8.8094345,0.0000000,95.9930420,1765,1
15:15:46.7734375,37.9057586,-8.8678195,0.0000000,185.8007812,1537,1
15:15:46.7734375,37.7356618,-9.8126676,0.0054321,166.7944336,1694,0
15:15:46.7734375,37.9479086,-8.8833973,0.0001831,350.2386475,1731,1
15:15:46.7734375,37.8863656,-8.9760089,0.0002441,141.4599609,1763,1
15:15:46.7734375,37.3929086,-9.4771246,0.0034790,345.6463623,1769,0
15:15:46.7734375,38.1488806,-9.7644927,0.0033569,341.4825439,1770,1
15:15:46.7734375,37.7430214,-9.8417039,0.0033569,9.1241455,1771,1
15:15:46.7734375,37.9076659,-8.8779467,0.0000000,19.8742676,947,0
15:15:46.7734375,37.7629437,-9.5530591,0.0031128,216.3317871,1757,1
15:15:46.7734375,38.3432807,-9.0798123,0.0026855,222.2534180,1764,1
15:15:46.7734375,37.8934602,-8.8585080,0.0001221,350.4254150,1762,0
15:15:46.7734375,37.8911248,-8.8703547,0.0000000,28.1359863,1602,0
15:15:46.7734375,37.9166641,-8.8572503,0.0000000,260.2221680,1388,1
15:15:46.7734375,37.5728399,-9.5156243,0.0027466,349.5025635,1752,1
15:15:47.7578125,37.6897244,-9.8100036,0.0043335,166.2451172,1767,0
15:15:47.7578125,37.6540920,-9.5286332,0.0040894,344.3225098,1641,1
15:15:47.7578125,37.9155362,-8.8660341,0.0000000,87.8302002,936,0
15:15:47.7578125,37.6094946,-9.6360305,0.0031128,348.4753418,1749,0
15:15:47.7578125,38.4725704,-8.8094345,0.0000000,95.9930420,1765,1
15:15:47.7578125,37.9057586,-8.8678195,0.0000000,185.8007812,1537,1
15:15:47.7578125,37.7356618,-9.8126676,0.0054321,166.7944336,1694,0
15:15:47.7578125,37.9479086,-8.8833973,0.0001831,350.2386475,1731,1
15:15:47.7578125,37.8863656,-8.9760089,0.0002441,141.4599609,1763,1
15:15:47.765625,37.3929086,-9.4771246,0.0034790,345.6463623,1769,0
15:15:47.765625,38.1488806,-9.7644927,0.0033569,341.4825439,1770,1
15:15:47.765625,37.7430214,-9.8417039,0.0033569,9.1241455,1771,1
15:15:47.765625,37.9076659,-8.8779467,0.0000000,19.8742676,947,0
15:15:47.765625,37.7629437,-9.5530591,0.0031128,216.3317871,1757,1
15:15:47.765625,38.3432807,-9.0798123,0.0026855,222.2534180,1764,1
15:15:47.765625,37.8934602,-8.8585080,0.0001221,350.4254150,1762,0
15:15:47.765625,37.8911248,-8.8703547,0.0000000,28.1359863,1602,0
15:15:47.765625,37.9166641,-8.8572503,0.0000000,260.2221680,1388,1
15:15:47.765625,37.5728399,-9.5156243,0.0027466,349.5025635,1752,1
15:15:48.765625,37.6897244,-9.8100036,0.0043335,166.2451172,1767,0
15:15:48.765625,37.6540920,-9.5286332,0.0040894,344.3225098,1641,1
15:15:48.765625,37.9155362,-8.8660341,0.0000000,87.8302002,936,0
15:15:48.765625,37.6094946,-9.6360305,0.0031128,348.4753418,1749,0
15:15:48.765625,38.4725704,-8.8094345,0.0000000,95.9930420,1765,1
15:15:48.765625,37.9057586,-8.8678195,0.0000000,185.8007812,1537,1
15:15:48.765625,37.7356618,-9.8126676,0.0054321,166.7944336,1694,0
15:15:48.765625,37.9479086,-8.8833973,0.0001831,350.2386475,1731,1
15:15:48.765625,37.8863656,-8.9760089,0.0002441,141.4599609,1763,1
15:15:48.765625,37.3929086,-9.4771246,0.0034790,345.6463623,1769,0
15:15:48.765625,38.1488806,-9.7644927,0.0033569,341.4825439,1770,1
15:15:48.765625,37.7430214,-9.8417039,0.0033569,9.1241455,1771,1
15:15:48.765625,37.9076659,-8.8779467,0.0000000,19.8742676,947,0
15:15:48.765625,37.7629437,-9.5530591,0.0031128,216.3317871,1757,1
15:15:48.765625,38.3432807,-9.0798123,0.0026855,222.2534180,1764,1
15:15:48.7734375,37.8934602,-8.8585080,0.0001221,350.4254150,1762,0
15:15:48.7734375,37.8911248,-8.8703547,0.0000000,28.1359863,1602,0
15:15:48.7734375,37.9166641,-8.8572503,0.0000000,260.2221680,1388,1
15:15:48.7734375,37.5728399,-9.5156243,0.0027466,349.5025635,1752,1
15:15:49.7578125,37.6897244,-9.8100036,0.0043335,166.2451172,1767,0
15:15:49.7578125,37.6540920,-9.5286332,0.0040894,344.3225098,1641,1
15:15:49.7578125,37.9155362,-8.8660341,0.0000000,87.8302002,936,0
15:15:49.7578125,37.6094946,-9.6360305,0.0031128,348.4753418,1749,0
15:15:49.7578125,38.4725704,-8.8094345,0.0000000,95.9930420,1765,1
15:15:49.7578125,37.9057586,-8.8678195,0.0000000,185.8007812,1537,1
15:15:49.7578125,37.7356618,-9.8126676,0.0054321,166.7944336,1694,0
15:15:49.7578125,37.9479086,-8.8833973,0.0001831,350.2386475,1731,1
15:15:49.7578125,37.8863656,-8.9760089,0.0002441,141.4599609,1763,1
15:15:49.7578125,37.3929086,-9.4771246,0.0034790,345.6463623,1769,0
15:15:49.7578125,38.1488806,-9.7644927,0.0033569,341.4825439,1770,1
15:15:49.7578125,37.7430214,-9.8417039,0.0033569,9.1241455,1771,1
15:15:49.7578125,37.9076659,-8.8779467,0.0000000,19.8742676,947,0
15:15:49.7578125,37.7629437,-9.5530591,0.0031128,216.3317871,1757,1
15:15:49.7578125,38.3432807,-9.0798123,0.0026855,222.2534180,1764,1
15:15:49.7578125,37.8934602,-8.8585080,0.0001221,350.4254150,1762,0
15:15:49.7578125,37.8911248,-8.8703547,0.0000000,28.1359863,1602,0
15:15:49.7578125,37.9166641,-8.8572503,0.0000000,260.2221680,1388,1
15:15:49.7578125,37.5728399,-9.5156243,0.0027466,349.5025635,1752,1
15:15:50.7578125,37.6547492,-9.5288381,0.0040283,344.3060303,1641,0
15:15:50.7578125,37.9155284,-8.8659888,0.0000000,89.4891357,936,1
15:15:50.7578125,37.6102126,-9.6361448,0.0031128,349.0191650,1749,1
15:15:50.7578125,38.4725807,-8.8095592,0.0000000,95.9930420,1765,1
15:15:50.7578125,37.9057640,-8.8678177,0.0000000,8.1903076,1537,0
15:15:50.7578125,37.7348210,-9.8123127,0.0054321,166.5087891,1694,1
15:15:50.7578125,37.9480196,-8.8833679,0.0001221,349.7003174,1731,1
15:15:50.7578125,37.8863831,-8.9760618,0.0001831,141.6906738,1763,1
15:15:50.7578125,37.3934033,-9.4771172,0.0034180,346.0473633,1769,1
15:15:50.7578125,38.1498405,-9.7646909,0.0034180,341.9165039,1770,0
15:15:50.7578125,37.9076539,-8.8779269,0.0000000,17.4792480,947,1
15:15:50.7578125,38.4322682,-9.1220916,0.0000610,158.2415771,1772,1
15:15:50.7578125,38.3428776,-9.0803706,0.0027466,222.8137207,1764,0
15:15:50.7578125,37.8934421,-8.8585155,0.0001221,351.1779785,1762,1
15:15:50.7578125,37.8911265,-8.8703605,0.0000000,28.9984131,1602,1
15:15:50.7578125,37.9166640,-8.8572777,0.0000000,260.4309082,1388,0
15:15:50.7578125,37.5735040,-9.5159261,0.0026855,349.3652344,1752,0
15:15:51.7578125,37.6547492,-9.5288381,0.0040283,344.3060303,1641,0
15:15:51.7578125,37.9155284,-8.8659888,0.0000000,89.4891357,936,1
15:15:51.7578125,37.6102126,-9.6361448,0.0031128,349.0191650,1749,1
15:15:51.7578125,38.4725807,-8.8095592,0.0000000,95.9930420,1765,1
15:15:51.7578125,37.9057640,-8.8678177,0.0000000,8.1903076,1537,0
15:15:51.7578125,37.7348210,-9.8123127,0.0054321,166.5087891,1694,1
15:15:51.7578125,37.9480196,-8.8833679,0.0001221,349.7003174,1731,1
15:15:51.7578125,37.8863831,-8.9760618,0.0001831,141.6906738,1763,1
15:15:51.7578125,37.3934033,-9.4771172,0.0034180,346.0473633,1769,1
15:15:51.7578125,38.1498405,-9.7646909,0.0034180,341.9165039,1770,0
15:15:51.7578125,37.9076539,-8.8779269,0.0000000,17.4792480,947,1
15:15:51.7578125,38.4322682,-9.1220916,0.0000610,158.2415771,1772,1
15:15:51.7578125,38.3428776,-9.0803706,0.0027466,222.8137207,1764,0
15:15:51.765625,37.8934421,-8.8585155,0.0001221,351.1779785,1762,1
15:15:51.765625,37.8911265,-8.8703605,0.0000000,28.9984131,1602,1
15:15:51.765625,37.9166640,-8.8572777,0.0000000,260.4309082,1388,0
15:15:51.765625,37.5735040,-9.5159261,0.0026855,349.3652344,1752,0
15:15:52.7578125,37.6547492,-9.5288381,0.0040283,344.3060303,1641,0
15:15:52.7578125,37.9155284,-8.8659888,0.0000000,89.4891357,936,1
15:15:52.7578125,37.6102126,-9.6361448,0.0031128,349.0191650,1749,1
15:15:52.7578125,38.4725807,-8.8095592,0.0000000,95.9930420,1765,1
15:15:52.7578125,37.9057640,-8.8678177,0.0000000,8.1903076,1537,0
15:15:52.7578125,37.7348210,-9.8123127,0.0054321,166.5087891,1694,1
15:15:52.7578125,37.9480196,-8.8833679,0.0001221,349.7003174,1731,1
15:15:52.7578125,37.8863831,-8.9760618,0.0001831,141.6906738,1763,1
15:15:52.7578125,37.3934033,-9.4771172,0.0034180,346.0473633,1769,1
15:15:52.7578125,38.1498405,-9.7646909,0.0034180,341.9165039,1770,0
15:15:52.7578125,37.9076539,-8.8779269,0.0000000,17.4792480,947,1
15:15:52.7578125,38.4322682,-9.1220916,0.0000610,158.2415771,1772,1
15:15:52.7578125,38.3428776,-9.0803706,0.0027466,222.8137207,1764,0
15:15:52.7578125,37.8934421,-8.8585155,0.0001221,351.1779785,1762,1
15:15:52.7578125,37.8911265,-8.8703605,0.0000000,28.9984131,1602,1
15:15:52.7578125,37.9166640,-8.8572777,0.0000000,260.4309082,1388,0
15:15:52.7578125,37.5735040,-9.5159261,0.0026855,349.3652344,1752,0
15:15:53.765625,37.6547492,-9.5288381,0.0040283,344.3060303,1641,0
15:15:53.765625,37.9155284,-8.8659888,0.0000000,89.4891357,936,1
15:15:53.765625,37.6102126,-9.6361448,0.0031128,349.0191650,1749,1
15:15:53.765625,38.4725807,-8.8095592,0.0000000,95.9930420,1765,1
15:15:53.765625,37.9057640,-8.8678177,0.0000000,8.1903076,1537,0
15:15:53.765625,37.7348210,-9.8123127,0.0054321,166.5087891,1694,1
15:15:53.765625,37.9480196,-8.8833679,0.0001221,349.7003174,1731,1
15:15:53.765625,37.8863831,-8.9760618,0.0001831,141.6906738,1763,1
15:15:53.765625,37.3934033,-9.4771172,0.0034180,346.0473633,1769,1
15:15:53.765625,38.1498405,-9.7646909,0.0034180,341.9165039,1770,0
15:15:53.765625,37.9076539,-8.8779269,0.0000000,17.4792480,947,1
15:15:53.765625,38.4322682,-9.1220916,0.0000610,158.2415771,1772,1
15:15:53.765625,38.3428776,-9.0803706,0.0027466,222.8137207,1764,0
15:15:53.765625,37.8934421,-8.8585155,0.0001221,351.1779785,1762,1
15:15:53.7734375,37.8911265,-8.8703605,0.0000000,28.9984131,1602,1
15:15:53.7734375,37.9166640,-8.8572777,0.0000000,260.4309082,1388,0
15:15:53.7734375,37.5735040,-9.5159261,0.0026855,349.3652344,1752,0
15:15:54.765625,37.6547492,-9.5288381,0.0040283,344.3060303,1641,0
15:15:54.765625,37.9155284,-8.8659888,0.0000000,89.4891357,936,1
15:15:54.765625,37.6102126,-9.6361448,0.0031128,349.0191650,1749,1
15:15:54.765625,38.4725807,-8.8095592,0.0000000,95.9930420,1765,1
15:15:54.765625,37.9057640,-8.8678177,0.0000000,8.1903076,1537,0
15:15:54.765625,37.7348210,-9.8123127,0.0054321,166.5087891,1694,1
15:15:54.765625,37.9480196,-8.8833679,0.0001221,349.7003174,1731,1
15:15:54.765625,37.8863831,-8.9760618,0.0001831,141.6906738,1763,1
15:15:54.765625,37.3934033,-9.4771172,0.0034180,346.0473633,1769,1
15:15:54.765625,38.1498405,-9.7646909,0.0034180,341.9165039,1770,0
15:15:54.765625,37.9076539,-8.8779269,0.0000000,17.4792480,947,1
15:15:54.765625,38.4322682,-9.1220916,0.0000610,158.2415771,1772,1
15:15:54.765625,38.3428776,-9.0803706,0.0027466,222.8137207,1764,0
15:15:54.765625,37.8934421,-8.8585155,0.0001221,351.1779785,1762,1
15:15:54.765625,37.8911265,-8.8703605,0.0000000,28.9984131,1602,1
15:15:54.765625,37.9166640,-8.8572777,0.0000000,260.4309082,1388,0
15:15:54.765625,37.5735040,-9.5159261,0.0026855,349.3652344,1752,0
15:15:55.765625,37.6547492,-9.5288381,0.0040283,344.3060303,1641,0
15:15:55.765625,37.9155284,-8.8659888,0.0000000,89.4891357,936,1
15:15:55.765625,37.6102126,-9.6361448,0.0031128,349.0191650,1749,1
15:15:55.765625,38.4725807,-8.8095592,0.0000000,95.9930420,1765,1
15:15:55.765625,37.9057640,-8.8678177,0.0000000,8.1903076,1537,0
15:15:55.765625,37.7348210,-9.8123127,0.0054321,166.5087891,1694,1
15:15:55.765625,37.9480196,-8.8833679,0.0001221,349.7003174,1731,1
15:15:55.765625,37.8863831,-8.9760618,0.0001831,141.6906738,1763,1
15:15:55.765625,37.3934033,-9.4771172,0.0034180,346.0473633,1769,1
15:15:55.765625,38.1498405,-9.7646909,0.0034180,341.9165039,1770,0
15:15:55.765625,37.9076539,-8.8779269,0.0000000,17.4792480,947,1
15:15:55.765625,38.4322682,-9.1220916,0.0000610,158.2415771,1772,1
15:15:55.765625,38.3428776,-9.0803706,0.0027466,222.8137207,1764,0
15:15:55.765625,37.8934421,-8.8585155,0.0001221,351.1779785,1762,1
15:15:55.765625,37.8911265,-8.8703605,0.0000000,28.9984131,1602,1
15:15:55.765625,37.9166640,-8.8572777,0.0000000,260.4309082,1388,0
15:15:55.765625,37.5735040,-9.5159261,0.0026855,349.3652344,1752,0
15:15:56.7578125,37.6547492,-9.5288381,0.0040283,344.3060303,1641,0
15:15:56.7578125,37.9155284,-8.8659888,0.0000000,89.4891357,936,1
15:15:56.7578125,37.6102126,-9.6361448,0.0031128,349.0191650,1749,1
15:15:56.7578125,38.4725807,-8.8095592,0.0000000,95.9930420,1765,1
15:15:56.7578125,37.9057640,-8.8678177,0.0000000,8.1903076,1537,0
15:15:56.7578125,37.7348210,-9.8123127,0.0054321,166.5087891,1694,1
15:15:56.7578125,37.9480196,-8.8833679,0.0001221,349.7003174,1731,1
15:15:56.7578125,37.8863831,-8.9760618,0.0001831,141.6906738,1763,1
15:15:56.7578125,37.3934033,-9.4771172,0.0034180,346.0473633,1769,1
15:15:56.7578125,38.1498405,-9.7646909,0.0034180,341.9165039,1770,0
15:15:56.7578125,37.9076539,-8.8779269,0.0000000,17.4792480,947,1
15:15:56.7578125,38.4322682,-9.1220916,0.0000610,158.2415771,1772,1
15:15:56.7578125,38.3428776,-9.0803706,0.0027466,222.8137207,1764,0
15:15:56.7578125,37.8934421,-8.8585155,0.0001221,351.1779785,1762,1
15:15:56.7578125,37.8911265,-8.8703605,0.0000000,28.9984131,1602,1
15:15:56.7578125,37.9166640,-8.8572777,0.0000000,260.4309082,1388,0
15:15:56.7578125,37.5735040,-9.5159261,0.0026855,349.3652344,1752,0
15:15:57.765625,37.6547492,-9.5288381,0.0040283,344.3060303,1641,0
15:15:57.765625,37.9155284,-8.8659888,0.0000000,89.4891357,936,1
15:15:57.765625,37.6102126,-9.6361448,0.0031128,349.0191650,1749,1
15:15:57.765625,38.4725807,-8.8095592,0.0000000,95.9930420,1765,1
15:15:57.765625,37.9057640,-8.8678177,0.0000000,8.1903076,1537,0
15:15:57.765625,37.7348210,-9.8123127,0.0054321,166.5087891,1694,1
15:15:57.765625,37.9480196,-8.8833679,0.0001221,349.7003174,1731,1
15:15:57.765625,37.8863831,-8.9760618,0.0001831,141.6906738,1763,1
15:15:57.765625,37.3934033,-9.4771172,0.0034180,346.0473633,1769,1
15:15:57.765625,38.1498405,-9.7646909,0.0034180,341.9165039,1770,0
15:15:57.765625,37.9076539,-8.8779269,0.0000000,17.4792480,947,1
15:15:57.765625,38.4322682,-9.1220916,0.0000610,158.2415771,1772,1
15:15:57.765625,38.3428776,-9.0803706,0.0027466,222.8137207,1764,0
15:15:57.765625,37.8934421,-8.8585155,0.0001221,351.1779785,1762,1
15:15:57.765625,37.8911265,-8.8703605,0.0000000,28.9984131,1602,1
15:15:57.765625,37.9166640,-8.8572777,0.0000000,260.4309082,1388,0
15:15:57.765625,37.5735040,-9.5159261,0.0026855,349.3652344,1752,0
15:15:58.7578125,37.6547492,-9.5288381,0.0040283,344.3060303,1641,0
15:15:58.7578125,37.9155284,-8.8659888,0.0000000,89.4891357,936,1
15:15:58.7578125,37.6102126,-9.6361448,0.0031128,349.0191650,1749,1
15:15:58.7578125,38.4725807,-8.8095592,0.0000000,95.9930420,1765,1
15:15:58.7578125,37.9057640,-8.8678177,0.0000000,8.1903076,1537,0
15:15:58.7578125,37.7348210,-9.8123127,0.0054321,166.5087891,1694,1
15:15:58.7578125,37.9480196,-8.8833679,0.0001221,349.7003174,1731,1
15:15:58.7578125,37.8863831,-8.9760618,0.0001831,141.6906738,1763,1
15:15:58.7578125,37.3934033,-9.4771172,0.0034180,346.0473633,1769,1
15:15:58.7578125,38.1498405,-9.7646909,0.0034180,341.9165039,1770,0
15:15:58.7578125,37.9076539,-8.8779269,0.0000000,17.4792480,947,1
15:15:58.7578125,38.4322682,-9.1220916,0.0000610,158.2415771,1772,1
15:15:58.7578125,38.3428776,-9.0803706,0.0027466,222.8137207,1764,0
15:15:58.7578125,37.8934421,-8.8585155,0.0001221,351.1779785,1762,1
15:15:58.7578125,37.8911265,-8.8703605,0.0000000,28.9984131,1602,1
15:15:58.7578125,37.9166640,-8.8572777,0.0000000,260.4309082,1388,0
15:15:58.7578125,37.5735040,-9.5159261,0.0026855,349.3652344,1752,0
15:15:59.7578125,37.6547492,-9.5288381,0.0040283,344.3060303,1641,0
15:15:59.7578125,37.9155284,-8.8659888,0.0000000,89.4891357,936,1
15:15:59.7578125,37.6102126,-9.6361448,0.0031128,349.0191650,1749,1
15:15:59.7578125,38.4725807,-8.8095592,0.0000000,95.9930420,1765,1
15:15:59.7578125,37.9057640,-8.8678177,0.0000000,8.1903076,1537,0
15:15:59.7578125,37.7348210,-9.8123127,0.0054321,166.5087891,1694,1
15:15:59.7578125,37.9480196,-8.8833679,0.0001221,349.7003174,1731,1
15:15:59.7578125,37.8863831,-8.9760618,0.0001831,141.6906738,1763,1
15:15:59.7578125,37.3934033,-9.4771172,0.0034180,346.0473633,1769,1
15:15:59.7578125,38.1498405,-9.7646909,0.0034180,341.9165039,1770,0
15:15:59.7578125,37.9076539,-8.8779269,0.0000000,17.4792480,947,1
15:15:59.7578125,38.4322682,-9.1220916,0.0000610,158.2415771,1772,1
15:15:59.7578125,38.3428776,-9.0803706,0.0027466,222.8137207,1764,0
15:15:59.7578125,37.8934421,-8.8585155,0.0001221,351.1779785,1762,1
15:15:59.7578125,37.8911265,-8.8703605,0.0000000,28.9984131,1602,1
15:15:59.7578125,37.9166640,-8.8572777,0.0000000,260.4309082,1388,0
15:15:59.7578125,37.5735040,-9.5159261,0.0026855,349.3652344,1752,0
15:16:0.765625,37.6547492,-9.5288381,0.0040283,344.3060303,1641,0
15:16:0.765625,37.9155284,-8.8659888,0.0000000,89.4891357,936,1
15:16:0.765625,37.6102126,-9.6361448,0.0031128,349.0191650,1749,1
15:16:0.765625,38.4725807,-8.8095592,0.0000000,95.9930420,1765,1
15:16:0.765625,37.9057640,-8.8678177,0.0000000,8.1903076,1537,0
15:16:0.765625,37.7348210,-9.8123127,0.0054321,166.5087891,1694,1
15:16:0.765625,37.9480196,-8.8833679,0.0001221,349.7003174,1731,1
15:16:0.765625,37.8863831,-8.9760618,0.0001831,141.6906738,1763,1
15:16:0.765625,37.3934033,-9.4771172,0.0034180,346.0473633,1769,1
15:16:0.765625,38.1498405,-9.7646909,0.0034180,341.9165039,1770,0
15:16:0.765625,37.9076539,-8.8779269,0.0000000,17.4792480,947,1
15:16:0.765625,38.4322682,-9.1220916,0.0000610,158.2415771,1772,1
15:16:0.765625,38.3428776,-9.0803706,0.0027466,222.8137207,1764,0
15:16:0.765625,37.8934421,-8.8585155,0.0001221,351.1779785,1762,1
15:16:0.765625,37.8911265,-8.8703605,0.0000000,28.9984131,1602,1
15:16:0.765625,37.9166640,-8.8572777,0.0000000,260.4309082,1388,0
15:16:0.765625,37.5735040,-9.5159261,0.0026855,349.3652344,1752,0
15:16:1.765625,37.6547492,-9.5288381,0.0040283,344.3060303,1641,0
15:16:1.765625,37.9155284,-8.8659888,0.0000000,89.4891357,936,1
15:16:1.765625,37.6102126,-9.6361448,0.0031128,349.0191650,1749,1
15:16:1.765625,38.4725807,-8.8095592,0.0000000,95.9930420,1765,1
15:16:1.765625,37.9057640,-8.8678177,0.0000000,8.1903076,1537,0
15:16:1.765625,37.7348210,-9.8123127,0.0054321,166.5087891,1694,1
15:16:1.765625,37.9480196,-8.8833679,0.0001221,349.7003174,1731,1
15:16:1.765625,37.8863831,-8.9760618,0.0001831,141.6906738,1763,1
15:16:1.765625,37.3934033,-9.4771172,0.0034180,346.0473633,1769,1
15:16:1.765625,38.1498405,-9.7646909,0.0034180,341.9165039,1770,0
15:16:1.765625,37.9076539,-8.8779269,0.0000000,17.4792480,947,1
15:16:1.765625,38.4322682,-9.1220916,0.0000610,158.2415771,1772,1
15:16:1.765625,38.3428776,-9.0803706,0.0027466,222.8137207,1764,0
15:16:1.765625,37.8934421,-8.8585155,0.0001221,351.1779785,1762,1
15:16:1.765625,37.8911265,-8.8703605,0.0000000,28.9984131,1602,1
15:16:1.765625,37.9166640,-8.8572777,0.0000000,260.4309082,1388,0
15:16:1.765625,37.5735040,-9.5159261,0.0026855,349.3652344,1752,0
15:16:2.7734375,37.6556137,-9.5291612,0.0040283,344.4213867,1641,1
15:16:2.7734375,37.9155523,-8.8660833,0.0000000,90.4119873,936,0
15:16:2.7734375,37.6106892,-9.6363528,0.0030518,348.4588623,1749,0
15:16:2.7734375,38.4725634,-8.8093514,0.0000000,95.9875488,1765,1
15:16:2.7734375,37.9057348,-8.8678187,0.0000000,190.4974365,1537,1
15:16:2.7734375,37.7333209,-9.8117980,0.0054932,166.4154053,1694,0
15:16:2.7734375,37.9480387,-8.8833573,0.0001221,349.4860840,1731,1
15:16:2.7734375,37.8862939,-8.9759248,0.0001831,140.6689453,1763,1
15:16:2.7734375,37.3941244,-9.4772898,0.0034180,346.9042969,1769,0
15:16:2.7734375,38.1509271,-9.7648426,0.0034790,342.4877930,1770,1
15:16:2.7734375,37.7443121,-9.8415192,0.0033569,9.1241455,1773,0
15:16:2.7734375,37.9076614,-8.8779423,0.0000000,14.6722412,947,0
15:16:2.7734375,37.7617581,-9.5538325,0.0030518,216.6778564,1774,1
15:16:2.7734375,38.3424818,-9.0807601,0.0028076,223.0389404,1764,1
15:16:2.7734375,37.8910615,-8.8703065,0.0000000,36.0351562,1602,0
15:16:2.7734375,37.9166677,-8.8572248,0.0000000,80.0628662,1388,1
15:16:3.765625,37.6556137,-9.5291612,0.0040283,344.4213867,1641,1
15:16:3.765625,37.9155523,-8.8660833,0.0000000,90.4119873,936,0
15:16:3.765625,37.6106892,-9.6363528,0.0030518,348.4588623,1749,0
15:16:3.765625,38.4725634,-8.8093514,0.0000000,95.9875488,1765,1
15:16:3.765625,37.9057348,-8.8678187,0.0000000,190.4974365,1537,1
15:16:3.765625,37.7333209,-9.8117980,0.0054932,166.4154053,1694,0
15:16:3.765625,37.9480387,-8.8833573,0.0001221,349.4860840,1731,1
15:16:3.765625,37.8862939,-8.9759248,0.0001831,140.6689453,1763,1
15:16:3.765625,37.3941244,-9.4772898,0.0034180,346.9042969,1769,0
15:16:3.765625,38.1509271,-9.7648426,0.0034790,342.4877930,1770,1
15:16:3.765625,37.7443121,-9.8415192,0.0033569,9.1241455,1773,0
15:16:3.765625,37.9076614,-8.8779423,0.0000000,14.6722412,947,0
15:16:3.765625,37.7617581,-9.5538325,0.0030518,216.6778564,1774,1
15:16:3.765625,38.3424818,-9.0807601,0.0028076,223.0389404,1764,1
15:16:3.765625,37.8910615,-8.8703065,0.0000000,36.0351562,1602,0
15:16:3.765625,37.9166677,-8.8572248,0.0000000,80.0628662,1388,1
15:16:4.7578125,37.6556137,-9.5291612,0.0040283,344.4213867,1641,1
15:16:4.7578125,37.9155523,-8.8660833,0.0000000,90.4119873,936,0
15:16:4.7578125,37.6106892,-9.6363528,0.0030518,348.4588623,1749,0
15:16:4.7578125,38.4725634,-8.8093514,0.0000000,95.9875488,1765,1
15:16:4.7578125,37.9057348,-8.8678187,0.0000000,190.4974365,1537,1
15:16:4.7578125,37.7333209,-9.8117980,0.0054932,166.4154053,1694,0
15:16:4.7578125,37.9480387,-8.8833573,0.0001221,349.4860840,1731,1
15:16:4.7578125,37.8862939,-8.9759248,0.0001831,140.6689453,1763,1
15:16:4.7578125,37.3941244,-9.4772898,0.0034180,346.9042969,1769,0
15:16:4.7578125,38.1509271,-9.7648426,0.0034790,342.4877930,1770,1
15:16:4.7578125,37.7443121,-9.8415192,0.0033569,9.1241455,1773,0
15:16:4.7578125,37.9076614,-8.8779423,0.0000000,14.6722412,947,0
15:16:4.7578125,37.7617581,-9.5538325,0.0030518,216.6778564,1774,1
15:16:4.7578125,38.3424818,-9.0807601,0.0028076,223.0389404,1764,1
15:16:4.7578125,37.8910615,-8.8703065,0.0000000,36.0351562,1602,0
15:16:4.7578125,37.9166677,-8.8572248,0.0000000,80.0628662,1388,1
15:16:5.7734375,37.6556137,-9.5291612,0.0040283,344.4213867,1641,1
15:16:5.7734375,37.9155523,-8.8660833,0.0000000,90.4119873,936,0
15:16:5.7734375,37.6106892,-9.6363528,0.0030518,348.4588623,1749,0
15:16:5.7734375,38.4725634,-8.8093514,0.0000000,95.9875488,1765,1
15:16:5.7734375,37.9057348,-8.8678187,0.0000000,190.4974365,1537,1
15:16:5.7734375,37.7333209,-9.8117980,0.0054932,166.4154053,1694,0
15:16:5.7734375,37.9480387,-8.8833573,0.0001221,349.4860840,1731,1
15:16:5.7734375,37.8862939,-8.9759248,0.0001831,140.6689453,1763,1
15:16:5.7734375,37.3941244,-9.4772898,0.0034180,346.9042969,1769,0
15:16:5.7734375,38.1509271,-9.7648426,0.0034790,342.4877930,1770,1
15:16:5.7734375,37.7443121,-9.8415192,0.0033569,9.1241455,1773,0
15:16:5.7734375,37.9076614,-8.8779423,0.0000000,14.6722412,947,0
15:16:5.7734375,37.7617581,-9.5538325,0.0030518,216.6778564,1774,1
15:16:5.7734375,38.3424818,-9.0807601,0.0028076,223.0389404,1764,1
15:16:5.7734375,37.8910615,-8.8703065,0.0000000,36.0351562,1602,0
15:16:5.7734375,37.9166677,-8.8572248,0.0000000,80.0628662,1388,1
15:16:6.7734375,37.6556137,-9.5291612,0.0040283,344.4213867,1641,1
15:16:6.7734375,37.9155523,-8.8660833,0.0000000,90.4119873,936,0
15:16:6.7734375,37.6106892,-9.6363528,0.0030518,348.4588623,1749,0
15:16:6.7734375,38.4725634,-8.8093514,0.0000000,95.9875488,1765,1
15:16:6.7734375,37.9057348,-8.8678187,0.0000000,190.4974365,1537,1
15:16:6.7734375,37.7333209,-9.8117980,0.0054932,166.4154053,1694,0
15:16:6.7734375,37.9480387,-8.8833573,0.0001221,349.4860840,1731,1
15:16:6.7734375,37.8862939,-8.9759248,0.0001831,140.6689453,1763,1
15:16:6.7734375,37.3941244,-9.4772898,0.0034180,346.9042969,1769,0
15:16:6.7734375,38.1509271,-9.7648426,0.0034790,342.4877930,1770,1
15:16:6.7734375,37.7443121,-9.8415192,0.0033569,9.1241455,1773,0
15:16:6.7734375,37.9076614,-8.8779423,0.0000000,14.6722412,947,0
15:16:6.7734375,37.7617581,-9.5538325,0.0030518,216.6778564,1774,1
15:16:6.7734375,38.3424818,-9.0807601,0.0028076,223.0389404,1764,1
15:16:6.7734375,37.8910615,-8.8703065,0.0000000,36.0351562,1602,0
15:16:6.7734375,37.9166677,-8.8572248,0.0000000,80.0628662,1388,1
